title,description,link,published
Flamengo vs. Racing Club EN VIVO: ¿a qué hora juegan y dónde ver hoy por la semifinal de Copa Libertadores?,"En el Maracaná, Flamengo y Racing chocarán en un partido imperdible por la semifinal ida de la Copa Libertadores 2025.",https://rpp.pe/futbol/copa-libertadores/flamengo-vs-racing-club-en-vivo-ver-espn-transmision-gratis-desde-maracana-ida-semifinal-copa-libertadores-2025-link-stream-partidos-de-hoy-noticia-1660341,"Wed, 22 Oct 2025 17:30:11 -0500"
JNJ determina que Delia Espinoza no retornará como Fiscal de la Nación,La JNJ enfatizó se mantiene vigente la medida cautelar de suspensión preventiva en el cargo a Espinoza Valenzuela por una resolución emitida en setiembre.,https://rpp.pe/politica/judiciales/delia-espinoza-ya-no-sera-fiscal-de-la-nacion-jnj-noticia-1660534,"Wed, 22 Oct 2025 16:58:30 -0500"
Ala Este de la Casa Blanca será demolida totalmente para construir salón de baile de Trump,"De acuerdo con el diario The New York Times, el trabajo de demolición debería ser concretado este fin de semana, para dar paso a la construcción del salón de baile, anunciado por Donald Trump, que tiene un costo estimado de 200 millones de dólares.",https://rpp.pe/mundo/estados-unidos/ala-este-de-la-casa-blanca-sera-demolida-totalmente-para-construir-salon-de-baile-de-trump-noticia-1660537,"Wed, 22 Oct 2025 17:15:10 -0500"
Moquegua: pobladores piden nuevo tamizaje para descartar arsénico en escolares,"Rotafono de RPP | En el 2023, la Dirección Regional de Salud de Moquegua detectó la presencia del metal pesado en un grupo de alumnos de inicial y primaria en el anexo de Ronjadero, en el distrito Coalaque.",https://rpp.pe/rotafono/servicios-publicos/moquegua-pobladores-piden-nuevo-tamizaje-para-descartar-arsenico-en-escolares-noticia-1660444,"Wed, 22 Oct 2025 09:35:30 -0500"
"Myriam Hernández en Lima: setlist de canciones, horarios y todo sobre sus conciertos en el Parque de la Exposición",La 'Baladista de América' llega a Lima para dos presentaciones este 22 y 23 de octubre. Conoce todos los detalles de los conciertos de Myriam Hernández auspiciado por radio Felicidad.,https://rpp.pe/musica/conciertos/myriam-hernandez-en-lima-2025-setlist-con-canciones-horarios-accesos-y-todo-sobre-concierto-de-baladista-en-parque-de-la-exposicion-noticia-1660310,"Wed, 22 Oct 2025 17:00:29 -0500"
Temblor en Chile hoy 22 de octubre: Epicentro del sismo según CSN,¿Cuál fue el último Temblor en Chile hoy 22 de octubre y registrado por el servicio Sismológico Nacional de Chile (CSN)? Consulta los últimos sismos: magnitud y epicentro del movimiento sísmico.,https://rpp.pe/mundo/chile/temblor-en-chile-hoy-22-de-octubre-epicentro-del-sismo-segun-csn-live-3011,"Wed, 22 Oct 2025 02:09:45 -0500"
"Isabel Preysler publica íntimas cartas de amor de Mario Vargas Llosa y afirma: ""Él era feliz conmigo""",Isabel Preysler publicó su libro 'Mi verdadera historia' donde aparecen cartas de amor que le envío Mario Vargas Llosa durante su relación entre el 2015 y 2022.,https://rpp.pe/famosos/celebridades/isabel-preysler-publica-intimas-cartas-de-amor-de-mario-vargas-llosa-en-su-libro-mi-verdadera-historia-noticia-1660424,"Wed, 22 Oct 2025 08:47:59 -0500"
"""Seguimos persiguiendo sueños"": Grupo 5 brilla en los Billboard Latin Music Week en Miami","Por primera vez, la orquesta de Monsefú participó en el encuentro musical más importante de la industria latina en Miami, compartiendo escenario con Olga Tañón, Guaynaa y otros artistas.",https://rpp.pe/musica/nacional/grupo-5-brilla-en-los-billboard-latin-music-week-en-miami-seguimos-persiguiendo-suenos-noticia-1660482,"Wed, 22 Oct 2025 17:06:57 -0500"
Soda Stereo en Lima: precios y cómo comprar entradas para su concierto en Arena 1,"El trío argentino regresa en 2026, seis años después de su última visita al país. Conoce todos los detalles: precios, zonas y cómo adquirir tus entradas en Joinnus.",https://rpp.pe/musica/conciertos/soda-stereo-en-lima-2026-precios-y-como-comprar-entradas-en-joinnus-para-concierto-con-gustavo-cerati-virtual-en-arena-1-noticia-1660451,"Wed, 22 Oct 2025 17:00:37 -0500"
Argentina: dólar blue hoy a cuánto cotiza este miércoles 22 de octubre,"La cotización del dólar blue, hoy miércoles 22 de octubre en el país de Argentina es de $1530 compra y $1550 la venta.",https://rpp.pe/mundo/argentina/argentina-dolar-blue-hoy-a-cuanto-cotiza-este-miercoles-22-de-octubre-noticia-1660393,"Wed, 22 Oct 2025 05:59:39 -0500"
"México confirma arresto en Cuba de Zhi Dong Zhang, el capo chino del tráfico de fentanilo a EE.UU.","Zhi Dong Zhang, alias 'Brother Wang', había escapado en julio de 2025 de un arresto domiciliario en la Ciudad de México, donde se encontraba bajo custodia de la Guardia Nacional.",https://rpp.pe/mundo/actualidad/mexico-confirma-arresto-en-cuba-de-zhi-dong-zhang-el-capo-chino-del-trafico-de-fentanilo-a-eeuu-noticia-1660533,"Wed, 22 Oct 2025 16:45:36 -0500"
[GUÍA] Retiro de AFP 2025: todos los pasos para registrar tu solicitud y acceder a tu fondo de pensiones,Ya se encuentra activo el registro del octavo retiro facultativo de AFP para aquellas personas cuyo DNI acaba en 0. Conoce los detalles sobre los pasos para acceder al dinero ahorrado en tu fondo de pensiones.,https://rpp.pe/economia/economia/retiro-afp-2025-estos-son-los-pasos-para-registrar-tu-solicitud-por-el-desembolso-de-tus-fondos-noticia-1660521,"Wed, 22 Oct 2025 16:45:36 -0500"
"Apple, hija de Chris Martin y Gwyneth Paltrow debutó como cantante","La joven, que cursa estudios de derecho en Vanderbilt University, ya tiene créditos como compositora en canciones de Coldplay.",https://rpp.pe/famosos/celebridades/apple-martin-debuta-como-cantante-frente-a-su-padre-chris-martin-de-coldplay-video-noticia-1660529,"Wed, 22 Oct 2025 16:46:13 -0500"
Cúal fue el último temblor en México hoy 22 de octubre según SSN,Cuál es el ultimo temblor en México y CDMX registrado segun el Servicio Sismológico Nacional (SSN) hoy 22 de octubre del 2025. Consulta los últimos sismos EN VIVO para México aquí.,https://rpp.pe/mundo/mexico/cual-fue-el-ultimo-temblor-en-mexico-hoy-22-de-octubre-segun-ssn-live-3013,"Wed, 22 Oct 2025 06:42:35 -0500"
Bad Bunny reprograma sus conciertos en Perú por su participación en el medio tiempo del Super Bowl 2026,El cantante puertorriqueño había programado una segunda fecha en Lima luego de agotar las entradas de su primer concierto en pocas horas. Regresará al país tres años después de su última presentación.,https://rpp.pe/musica/conciertos/bad-bunny-en-lima-2026-anuncian-que-los-conciertos-en-peru-seran-reprogramados-por-su-participacion-en-show-de-medio-tiempo-super-bowl-cuando-sera-noticia-1660524,"Wed, 22 Oct 2025 16:43:20 -0500"
"Partidos de hoy, miércoles 22 de octubre del 2025: horarios y canales TV para ver EN VIVO Champions League y Libertadores","Fútbol EN VIVO | Horarios y canales de TV para ver EN DIRECTO los partidos de hoy, miércoles 22 de octubre del 2025.",https://rpp.pe/futbol/futbol-mundial/partidos-de-hoy-peru-miercoles-22-de-octubre-del-2025-horarios-y-canales-tv-ver-futbol-en-vivo-noticia-1660277,"Wed, 22 Oct 2025 16:40:34 -0500"
Cronograma del octavo retiro de AFP 2025 HOY: cuándo podrás presentar tu solicitud según tu DNI,"El desembolso se efectuará hasta en cuatro armadas mensuales de 1 UIT cada una (S/5 350), después de 30 días de ingresada la solicitud, y cada 30 días hasta completar el total solicitado.",https://rpp.pe/economia/economia/octavo-retiro-de-afp-2025-conoce-el-cronograma-oficial-segun-el-numero-de-dni-noticia-1657530,"Wed, 22 Oct 2025 16:30:03 -0500"
"Estados Unidos anunciará un ""aumento sustancial"" en sus sanciones a Rusia en las próximas horas","""Vamos a anunciar después del cierre (de los mercados) de esta tarde o a primera hora de mañana un aumento sustancial de las sanciones a Rusia"", adelantó el secretario del Tesoro, Scott Bessent, sin ofrecer más detalles sobre la magnitud de las acciones.",https://rpp.pe/mundo/estados-unidos/estados-unidos-anunciara-un-aumento-sustancial-en-sus-sanciones-a-rusia-en-las-proximas-horas-noticia-1660531,"Wed, 22 Oct 2025 16:33:24 -0500"
'Emily in Paris' llega a Italia: Lily Collins conquistará Roma en la temporada 5 de la serie de Netflix,"La protagonista inicia una nueva etapa profesional y amorosa en Italia en una temporada que promete más drama, glamour y giros inesperados.",https://rpp.pe/tv/netflix/emily-in-paris-llega-a-italia-lily-collins-conquistara-roma-en-la-temporada-5-de-la-serie-de-netflix-noticia-1660522,"Wed, 22 Oct 2025 16:31:14 -0500"
Champions League: Athletic Bilbao se impone con remontada 3-1 sobre Qarabag,Athletic Bilbao vs Qarabag se enfrentaron por la UEFA Champions League. Aquí todos los detalles y resumen del encuentro.,https://rpp.pe/futbol/ligas-internacionales/champions-league-athletic-bilbao-se-enfrentara-ante-qarabag-por-la-fecha-3-noticia-1660237,"Wed, 22 Oct 2025 16:15:04 -0500"
Champions League: Sporting Lisboa voltea el marcador y triunfa 2 a 1 ante Olympique de Marsella con gol agónico,Sporting Lisboa vs Olympique de Marsella se enfrentaron por la UEFA Champions League. Aquí todos los detalles y resumen del encuentro.,https://rpp.pe/futbol/ligas-internacionales/champions-league-sporting-lisboa-y-olympique-de-marsella-se-encuentran-en-la-fecha-3-noticia-1660262,"Wed, 22 Oct 2025 16:10:04 -0500"
Champions League: Victor Osimhen ayudó con doblete a Galatasaray en victoria 3-1 frente a FK Bodo/Glimt,Galatasaray vs FK Bodo/Glimt se enfrentaron por la UEFA Champions League. Aquí todos los detalles y resumen del encuentro.,https://rpp.pe/futbol/ligas-internacionales/champions-league-fk-bodo-glimt-se-enfrentara-a-galatasaray-por-la-fecha-3-noticia-1660238,"Wed, 22 Oct 2025 16:10:06 -0500"
Champions League: Goleada de Bayern Múnich 4 a 0 sobre Club Brugge,Bayern Múnich vs Club Brugge se enfrentaron por la UEFA Champions League. Aquí todos los detalles y resumen del encuentro.,https://rpp.pe/futbol/ligas-internacionales/champions-league-bayern-munich-recibira-a-club-brugge-por-la-fecha-3-noticia-1660259,"Wed, 22 Oct 2025 16:10:04 -0500"
Champions League: Atalanta y Slavia Praga no se hicieron daño y empataron sin goles,Atalanta vs Slavia Praga se enfrentaron por la UEFA Champions League. Aquí todos los detalles y resumen del encuentro.,https://rpp.pe/futbol/ligas-internacionales/champions-league-atalanta-se-enfrenta-ante-la-visita-slavia-praga-por-la-fecha-3-noticia-1660258,"Wed, 22 Oct 2025 16:10:05 -0500"
Champions League: Chelsea golea 5-1 a Ajax,Chelsea vs Ajax se enfrentaron por la UEFA Champions League. Aquí todos los detalles y resumen del encuentro.,https://rpp.pe/futbol/ligas-internacionales/champions-league-por-la-fecha-3-se-enfrentaran-chelsea-y-ajax-noticia-1660260,"Wed, 22 Oct 2025 16:05:10 -0500"
Champions League: Real Madrid le ganó 1-0 a Juventus,Real Madrid vs Juventus se enfrentaron por la UEFA Champions League. Aquí todos los detalles y resumen del encuentro.,https://rpp.pe/futbol/ligas-internacionales/champions-league-real-madrid-y-juventus-se-miden-por-la-fecha-3-noticia-1660263,"Wed, 22 Oct 2025 16:05:09 -0500"
"Champions League: Sin goles, Mónaco y Tottenham igualaron el partido",Mónaco vs Tottenham se enfrentaron por la UEFA Champions League. Aquí todos los detalles y resumen del encuentro.,https://rpp.pe/futbol/ligas-internacionales/champions-league-se-enfrentan-monaco-y-tottenham-por-la-fecha-3-noticia-1660265,"Wed, 22 Oct 2025 16:05:08 -0500"
Policía en presunto estado de ebriedad es detenido por agredir a dos colegas que intentaron intervenirlo en Huancayo [VIDEO],El agente es de la Unidad de Servicios Especiales (USE) y atacó a los efectivos que intentaron intervenirlo por estacionar su auto en plena vía pública.,https://rpp.pe/peru/junin/huancayo-detienen-a-policia-tras-agredir-a-sus-colegas-en-presunto-estado-de-ebriedad-noticia-1660515,"Wed, 22 Oct 2025 16:05:27 -0500"
Sigue con paso perfecto: Real Madrid venció 1-0 a Juventus en la fecha 3 de la Champions League (VIDEO),"Jude Bellingham le dio una nueva victoria en la Champions League al Real Madrid, que llega con el ánimo a tope para enfrentar al Barcelona por el Clásico.",https://rpp.pe/futbol/champions-league/real-madrid-vs-juventus-en-vivo-ver-espn-transmision-gratis-desde-tu-celular-fase-liga-champions-league-2025-con-mbappe-link-online-partidos-de-hoy-noticia-1660257,"Wed, 22 Oct 2025 16:02:46 -0500"
Champions League: Liverpool arrasó con una remontada y goleó 5-1 a Eintracht Frankfurt,Eintracht Frankfurt vs Liverpool se enfrentaron por la UEFA Champions League. Aquí todos los detalles y resumen del encuentro.,https://rpp.pe/futbol/ligas-internacionales/champions-league-liverpool-visita-a-eintracht-frankfurt-por-la-fecha-3-noticia-1660261,"Wed, 22 Oct 2025 16:00:09 -0500"
Revisa el LINK oficial del retiro AFP 2025 para registrar tu solicitud de desembolso,La solicitud para el octavo retiro de AFP es gratuita y 100% digital a través de los portales oficiales de cada administradora. Revisa los links oficiales.,https://rpp.pe/economia/economia/retiro-afp-2025-link-oficial-para-registrar-tu-solicitud-y-pasos-para-solicitar-desembolso-4-uit-de-fondos-noticia-1660126,"Wed, 22 Oct 2025 16:00:08 -0500"
Estrenos de Películas hoy 22 de octubre del 2025,"Estas son las películas que se estrenan hoy en Perú en las plataformas online de streaming. Revisa aquí la sinopsis, puntaje y trailer de los títulos de Netflix, Amazon Prime, Disney y Max.",https://rpp.pe/cine/cartelera/estrenos-de-peliculas-hoy-21-de-octubre-del-2025-noticia-1660241,"Tue, 21 Oct 2025 07:02:04 -0500"
Corte de agua en Lima hoy 22 de octubre: Distritos y horarios afectados,EN VIVO Consulta aquí los distritos de Lima y horarios afectados por el corte de agua programado por el Servicio de Agua Potable y Alcantarillado de Lima (Sedapal) para hoy.,https://rpp.pe/lima/obras/corte-de-agua-en-lima-hoy-22-de-octubre-distritos-y-horarios-afectados-noticia-1660389,"Wed, 22 Oct 2025 05:00:38 -0500"
Ate: Policía detiene a un hombre por presuntamente realizar propuestas sexuales a una niña de 11 años,"El hombre de 29 años fue arrestado en su propia su casa esta madrugada. Según el coronel Johnny Huaman, jefe de Divincri, se investiga que esta persona supuestamente tenga en su poder material de pornografía infantil.",https://rpp.pe/peru/la-libertad/ate-policia-detiene-a-un-hombre-por-presuntamente-realizar-propuestas-sexuales-a-una-nina-de-11-anos-noticia-1660509,"Wed, 22 Oct 2025 15:39:21 -0500"
Gabinete de Ernesto Álvarez se presenta ante el Pleno del Congreso para solicitar el voto de confianza,El premier Ernesto Álvarez se presenta a fin de exponer las políticas del&nbsp;Gobierno y plantear la cuestión de confianza al Gabinete.,https://rpp.pe/politica/gobierno/gabinete-de-ernesto-alvarez-se-presenta-ante-el-pleno-del-congreso-esta-tarde-para-solicitar-el-voto-de-confianza-live-3014,"Wed, 22 Oct 2025 15:37:36 -0500"
LDU Quito vs. Palmeiras: ¿a qué hora juegan y dónde ver el partido por ida semifinales de la Copa Libertadores?,Consulta todos los detalles de lo que será el duelo de LDU Quito ante Palmeiras en territorio ecuatoriano.,https://rpp.pe/futbol/copa-libertadores/ldu-quito-vs-palmeiras-en-vivo-a-que-hora-juegan-en-ecuador-y-donde-ver-semifinal-copa-libertadores-2025-via-espn-partidos-de-hoy-noticia-1660512,"Wed, 22 Oct 2025 15:33:45 -0500"
"Voto digital: desde este 29 de octubre inicia el registro, según la ONPE",El registro para el voto digital inicia el 29 de octubre. ¿Tienes DNI electrónico? ¿Sabes si puedes votar digitalmente? En esta nota te contamos todo lo que debes saber para inscribirte.,https://rpp.pe/politica/elecciones/voto-digital-desde-este-29-de-octubre-inicia-el-registro-segun-la-onpe-noticia-1660448,"Wed, 22 Oct 2025 08:45:05 -0500"
"Agua Marina se retira temporalmente los escenarios, según integrante: “Es triste porque la música es nuestra vida”",El cantante Lucho Granda señaló que la decisión busca proteger su salud emocional luego del ataque sufrido por la agrupación en medio de un concierto.,https://rpp.pe/musica/nacional/agua-marina-se-retira-temporalmente-los-escenarios-segun-integrante-noticia-1660461,"Wed, 22 Oct 2025 11:59:24 -0500"
"Latin Billboard 2025: fecha, hora y dónde ver los Premios Billboard de la Música Latina en vivo","Bad Bunny lidera las nominaciones en 27 categorías, seguido por Fuerza Regida y Rauw Alejandro. Te contamos cuándo, dónde y cómo ver la premiación más esperada de la música latina.",https://rpp.pe/musica/internacional/latin-billboard-2025-en-vivo-a-que-hora-inicia-lista-de-nominados-y-donde-ver-premios-billboard-de-la-musica-latina-via-telemundo-bad-bunny-noticia-1660507,"Wed, 22 Oct 2025 15:21:44 -0500"
Precio del dólar Perú y tipo de cambio hoy 22 de octubre del 2025,"En Perú, el tipo de cambio para hoy miércoles 22 de octubre es de  S/3.41 según el Banco Central de Reserva Del Perú.",https://rpp.pe/economia/economia/precio-del-dolar-peru-y-tipo-de-cambio-hoy-22-de-octubre-del-2025-noticia-1660395,"Wed, 22 Oct 2025 06:05:39 -0500"
"Temblor en Perú, hoy 22 de octubre: magnitud y epicentro del sismo según IGP","Actualización EN VIVO del último sismo en Perú hoy, miércoles 22 de octubre según las últimas actualizaciones del Instituto Geofísico del Perú IGP",https://rpp.pe/lima/desastres-naturales/temblor-en-peru-hoy-22-de-octubre-magnitud-y-epicentro-del-sismo-segun-igp-live-3012,"Wed, 22 Oct 2025 02:18:58 -0500"
Alcalde de La Victoria respalda estado de emergencia en Lima y Callao: “Era impostergable”,"En Ampliación de Noticias, Rubén Cano consideró que la declaratoria de estado de emergencia en Lima y Callao era ""impostergable"" ante los altos índices de criminalidad.",https://rpp.pe/videos/ampliacion-de-noticias/alcalde-de-la-victoria-respalda-estado-de-emergencia-en-lima-y-callao-era-impostergable-noticia-1660511,"Wed, 22 Oct 2025 14:55:42 -0500"
¿Será necesario prorrogar el estado de emergencia? Esto opina el alcalde de La Victoria,"En Ampliación de Noticias, Rubén Cano consideró que la declaratoria de estado de emergencia en Lima y Callao era ""impostergable"" ante los altos índices de criminalidad.",https://rpp.pe/lima/seguridad/estado-de-emergencia-esto-opina-el-alcalde-de-la-victoria-noticia-1660457,"Wed, 22 Oct 2025 13:34:50 -0500"
Sentencian a 21 años de prisión a sicario venezolano que asesinó a un obrero en Comas,"El asesino pudo ser identificado, en parte, gracias a la participación de un testigo protegido durante el proceso, informó el Ministerio Público.",https://rpp.pe/lima/policiales/comas-sentencian-a-21-anos-a-sicario-venezolano-que-asesino-a-obrero-noticia-1660510,"Wed, 22 Oct 2025 14:50:19 -0500"
Consejo Fiscal pide que el TC revise las más de 200 leyes aprobadas por el Congreso que comprometen la estabilidad fiscal,"Alonso Segura alerta sobre la ""avalancha enorme"" de gasto, cifrada en S/ 36,000 millones, y advierte que el país podría perder el grado de inversión si no se detiene la trayectoria actual.",https://rpp.pe/economia/economia/consejo-fiscal-pide-que-el-tc-revise-las-mas-de-200-leyes-aprobadas-por-el-congreso-que-comprometen-la-estabilidad-fiscal-noticia-1660497,"Wed, 22 Oct 2025 10:15:26 -0500"
Shakira en Lima: Francisca Aronsson será parte de 'Camina con la loba' junto a la streamer Zully,"""Agradecida por esta oportunidad"", dijo Francisca Aronsson al anunciar que acompañará a Shakira en su concierto en el estadio Nacional. Zully y Susy Díaz también estará en el evento.",https://rpp.pe/famosos/farandula/shakira-en-lima-francisca-aronsson-sera-parte-de-camina-con-la-loba-con-streamer-zully-y-susy-diaz-noticia-1660505,"Wed, 22 Oct 2025 14:46:11 -0500"
Sporting Cristal va por el golpe: la alineación que alista Autuori para recibir a Universitario,Sporting Cristal no se guarda nada para jugar contra Universitario en el Nacional por el Torneo Clausura 2025.,https://rpp.pe/futbol/descentralizado/sporting-cristal-vs-universitario-alineacion-rimense-con-luis-abram-en-estadio-nacional-por-torneo-clausura-2025-fotos-noticia-1660506,"Wed, 22 Oct 2025 14:45:13 -0500"
"Eric del Castillo llama ""traidor"" a Sean Penn por el escándalo que involucró a su hija Kate y a 'El Chapo' Guzmán","Casi una década después del escándalo, el padre de la protagonista de La reina del sur aseguró que Sean Penn ""puso en peligro"" a su hija por la entrevista que tuvo con el narcotraficante.",https://rpp.pe/famosos/celebridades/eric-del-castillo-arremete-contra-sean-penn-por-traicionar-a-su-hija-kate-del-castillo-tras-reunion-con-el-chapo-guzman-noticia-1660499,"Wed, 22 Oct 2025 14:42:03 -0500"
Copa Libertadores: Liga de Quito y Palmeiras se ven las caras por la primera semifinal,Palmeiras se mide ante Liga de Quito en el estadio la Casa Blanca mañana a las 19:30 horas. El partido será supervisado por Facundo Tello Figueroa.,https://rpp.pe/futbol/ligas-internacionales/copa-libertadores-liga-de-quito-y-palmeiras-se-ven-las-caras-por-la-primera-semifinal-noticia-1660508,"Wed, 22 Oct 2025 14:39:40 -0500"
Universitario vs. Sporting Cristal EN VIVO: partidazo en el Nacional por la fecha 14 del Torneo Clausura 2025,Sporting Cristal recibe a Universitario en un partido vital para ambos por una jornada pendiente de la Liga1 Te Apuesto.,https://rpp.pe/futbol/descentralizado/universitario-vs-sporting-cristal-ver-l1-max-transmision-gratis-desde-tu-celular-fecha-14-torneo-clausura-2025-link-stream-partidos-de-hoy-noticia-1660460,"Wed, 22 Oct 2025 14:24:08 -0500"
